{
  "best_global_step": null,
  "best_metric": null,
  "best_model_checkpoint": null,
  "epoch": 5.0,
  "eval_steps": 500,
  "global_step": 40,
  "is_hyper_param_search": false,
  "is_local_process_zero": true,
  "is_world_process_zero": true,
  "log_history": [
    {
      "epoch": 1.2666666666666666,
      "grad_norm": 0.8963274955749512,
      "learning_rate": 0.00018,
      "loss": 1.8233076095581056,
      "step": 10
    },
    {
      "epoch": 2.533333333333333,
      "grad_norm": 0.9744707345962524,
      "learning_rate": 0.00015877852522924732,
      "loss": 1.3153650283813476,
      "step": 20
    },
    {
      "epoch": 3.8,
      "grad_norm": 1.0107327699661255,
      "learning_rate": 5.9326335692419995e-05,
      "loss": 0.9082401275634766,
      "step": 30
    },
    {
      "epoch": 5.0,
      "grad_norm": 0.908873438835144,
      "learning_rate": 5.478104631726711e-07,
      "loss": 0.7599366188049317,
      "step": 40
    }
  ],
  "logging_steps": 10,
  "max_steps": 40,
  "num_input_tokens_seen": 0,
  "num_train_epochs": 5,
  "save_steps": 25,
  "stateful_callbacks": {
    "TrainerControl": {
      "args": {
        "should_epoch_stop": false,
        "should_evaluate": false,
        "should_log": false,
        "should_save": true,
        "should_training_stop": true
      },
      "attributes": {}
    }
  },
  "total_flos": 2423265008025600.0,
  "train_batch_size": 2,
  "trial_name": null,
  "trial_params": null
}
