{
  "best_global_step": null,
  "best_metric": null,
  "best_model_checkpoint": null,
  "epoch": 5.0,
  "eval_steps": 500,
  "global_step": 40,
  "is_hyper_param_search": false,
  "is_local_process_zero": true,
  "is_world_process_zero": true,
  "log_history": [
    {
      "epoch": 1.2666666666666666,
      "grad_norm": 0.850192666053772,
      "learning_rate": 0.00018,
      "loss": 1.8600360870361328,
      "step": 10
    },
    {
      "epoch": 2.533333333333333,
      "grad_norm": 1.0219289064407349,
      "learning_rate": 0.00015877852522924732,
      "loss": 1.3582537651062012,
      "step": 20
    },
    {
      "epoch": 3.8,
      "grad_norm": 0.8522442579269409,
      "learning_rate": 5.9326335692419995e-05,
      "loss": 0.9353071212768554,
      "step": 30
    },
    {
      "epoch": 5.0,
      "grad_norm": 0.9065486788749695,
      "learning_rate": 5.478104631726711e-07,
      "loss": 0.7713586330413819,
      "step": 40
    }
  ],
  "logging_steps": 10,
  "max_steps": 40,
  "num_input_tokens_seen": 0,
  "num_train_epochs": 5,
  "save_steps": 25,
  "stateful_callbacks": {
    "TrainerControl": {
      "args": {
        "should_epoch_stop": false,
        "should_evaluate": false,
        "should_log": false,
        "should_save": true,
        "should_training_stop": true
      },
      "attributes": {}
    }
  },
  "total_flos": 2423265008025600.0,
  "train_batch_size": 2,
  "trial_name": null,
  "trial_params": null
}
